<?xml version="1.0" encoding="utf-8"?>
<odoo>
    <data noupdate="1">
        <!--        New user groups for the module Loan Management-->
        <record model="ir.module.category" id="loan_management_groups">
            <field name="name">Loan Management</field>
            <field name="description">User access level for loan_management
                model
            </field>
            <field name="sequence">8</field>
        </record>
        <record id="loan_management_group_user" model="res.groups">
            <field name="name">User</field>
            <field name="implied_ids" eval="[(4, ref('base.group_user'))]"/>
            <field name="category_id" ref="loan_management_groups"/>
        </record>
        <record id="loan_management_group_manager" model="res.groups">
            <field name="name">Manager</field>
            <field name="implied_ids" eval="[(4, ref('advanced_loan_management.loan_management_group_user'))]"/>
            <field name="category_id" ref="loan_management_groups"/>
        </record>
    </data>
</odoo>